clave,run_id,artefacto,sha256,bytes,registrado_en,origen_datos,tipo
adwin_detections,ieee_real,runs/ieee_real/adwin_detections.csv,9e18a12a68a036bcc92d0a0913275b0f696f7f75c96ef8c12e50fe45b337497a,2017,2026-09-20T14:57:48+00:00,ieee_cis_real,resultado_nuevo
authorization,ieee_real,runs/ieee_real/authorization.json,ff516303400fb0fe6711642e7670efdacaef3347e70ec9795bdae5939542244b,2098,2026-09-20T14:54:33+00:00,ieee_cis_real,resultado_nuevo
confusion_volumen_frescura,ieee_real,reports/volumen_vs_frescura.json,c612084c41e21f5d23901fd3a0cb1305cbe943578b74f8be33376853d04cf7d4,727,2026-09-20T15:25:53+00:00,ieee_cis_real,resultado_nuevo
desenlaces,ieee_real,runs/ieee_real/outcomes.parquet,ff84bd0bb993aac20b1021892506db345c1c92b66f7d772d5ab52fa597fd55ec,45648704,2026-09-20T14:57:48+00:00,ieee_cis_real,resultado_nuevo
drift_log,ieee_real,runs/ieee_real/drift_log.csv,8a1d137254305bb7cf5f8188752a9b07127c2d4e9144217263e82108039cf268,60238,2026-09-20T14:57:48+00:00,ieee_cis_real,resultado_nuevo
eventos_parquet,ieee_real,data/processed/eventos.parquet,343a12093695978b222e7d8b2cb6f1cddd2c71f2d08dd5f715a5020af85d6b6b,120478657,2026-09-20T14:25:53+00:00,ieee_cis_real,resultado_nuevo
figura_adaptacion,ieee_real,reports/figures/drift_adaptacion.png,ad4b573e86f84b58138feaad7a4a3b7ace9ddc1321b5091082bf2609e5714858,340136,2026-09-20T15:25:53+00:00,ieee_cis_real,resultado_nuevo
figura_calibracion,ieee_real,reports/figures/calibracion_costos.png,a3afc26df085e1c8520b4733749fb8781967c2e95a9ca808203e7c81f50d4866,108924,2026-09-20T15:25:53+00:00,ieee_cis_real,resultado_nuevo
figura_eda,ieee_real,reports/figures/eda_temporal.png,b25a735071aeb72bc938fdc8ea2f88db9722b37ed812e98d0d4a3cd6511cca36,159681,2026-09-20T15:25:53+00:00,ieee_cis_real,resultado_nuevo
figura_estatico,ieee_real,reports/figures/rendimiento_estatico.png,c47438ab4a6867029912a9247f6ab9a05bb5cff2cb61be95157be854018d4c6e,107739,2026-09-20T15:25:53+00:00,ieee_cis_real,resultado_nuevo
gates,ieee_real,runs/ieee_real/gates.csv,b95138c7bd55bbd445900ae7ac26f75cb03b83a30bdceaf9059002e193413dec,4185,2026-09-20T14:57:48+00:00,ieee_cis_real,resultado_nuevo
paquete_W60_T165,ieee_real,models/W60_T165/manifest.json,23c40a9b8b37d3f9d4a59d0d684366303bae896e2329c9cbb64c0e715e967160,13381,2026-09-20T15:05:11+00:00,ieee_cis_real,resultado_nuevo
paquete_W90_T165,ieee_real,models/W90_T165/manifest.json,76d7bc85d24ce8de3f5ffd9b5b06fc440fdad189335b62426ae02f8c544618f8,13376,2026-09-20T15:06:50+00:00,ieee_cis_real,resultado_nuevo
predicciones,ieee_real,runs/ieee_real/predictions.parquet,120bf2e8cda6d81112d8dade0e1d733c0122350398f559df8883e254ec82769a,49889508,2026-09-20T14:57:48+00:00,ieee_cis_real,resultado_nuevo
replay_summary,ieee_real,runs/ieee_real/replay_summary.json,50f8469cab9b96736500b02c481b4fd6e53cd35bb0e6221612ff28cc6e3a7e92,4467,2026-09-20T15:07:42+00:00,ieee_cis_real,resultado_nuevo
reporte_datos,ieee_real,reports/datos_temporales.md,d186235150010d87c65782b7afbf6805f6c8408ae03205345c1bf4b873695c95,5164,2026-09-20T15:25:53+00:00,ieee_cis_real,resultado_nuevo
reporte_replay,ieee_real,reports/replay_local.md,a1aa457e28aa7128a0c4de07654b2d02dc1d5ace457073ace16921ff7f405d87,2238,2026-09-20T15:25:53+00:00,ieee_cis_real,resultado_nuevo
sources_manifest,ieee_real,data/manifests/sources.json,e316632e8aef933f8ac4524d4aedab9cadc56bf77a69d900715196f190a65a01,3327,2026-09-20T14:25:53+00:00,ieee_cis_real,resultado_nuevo
splits_manifest,ieee_real,data/manifests/splits.json,d37bf0ec83bbe9fb5362479677cf1b1f289e96a86c18c899fbc6741faf14fc9f,9361,2026-09-20T14:25:53+00:00,ieee_cis_real,resultado_nuevo
static_results,ieee_real,runs/ieee_real/static_results.json,ac984a42199fa899a9d9d056b6c5a865390b43e1eebaed597ccf2cf5a81dea4e,8899,2026-09-20T14:49:36+00:00,ieee_cis_real,resultado_nuevo
tabla_adaptacion,ieee_real,reports/tables/adaptacion.csv,d72f5a31fc19062d2efcaca3828b455b0c7e85e5d7b501284e35dfc8480b13b3,3502,2026-09-20T15:25:53+00:00,ieee_cis_real,resultado_nuevo
tabla_computo,ieee_real,reports/tables/costos_computo.csv,687fe0317474b823e2734b0cff8a3c92a776af218090fa78be146f857983ef3e,436,2026-09-20T15:25:53+00:00,ieee_cis_real,resultado_nuevo
tabla_modelos,ieee_real,reports/tables/comparacion_modelos.csv,691ea016239033f05cd3400ef3c8610675109e8127979125df3766cc8e5b2773,1002,2026-09-20T15:25:53+00:00,ieee_cis_real,resultado_nuevo
tabla_robustez,ieee_real,reports/tables/robustez.csv,fbf0e7ac49b635bafb5c2b2ea546e3c16cfc4d2a919e0ff84b643459621aead9,292,2026-09-20T15:25:53+00:00,ieee_cis_real,resultado_nuevo
tabla_segmentos,ieee_real,reports/tables/segmentos.csv,e1a49d27000835450898082df1c64155484e0f78d64b95383297dbbb00398883,9188,2026-09-20T15:25:53+00:00,ieee_cis_real,resultado_nuevo
tabla_sensibilidad,ieee_real,reports/tables/sensibilidad_economica.csv,75677cc8a67bb2fc10c6bbe50a301c0da90ea79ab4d26428669ba43f8305245e,673,2026-09-20T15:25:53+00:00,ieee_cis_real,resultado_nuevo
tuning_tabla,ieee_real,reports/tables/tuning.csv,4b1aad06bff5ab564952d58b5d0cee0e0d186b0cc57a08d8f9e6729ac5b57715,498,2026-09-20T14:44:41+00:00,ieee_cis_real,resultado_nuevo
version_changes,ieee_real,runs/ieee_real/version_changes.csv,3a10b4d5241cadbb22db8465434580cf2544afd587425c03842162d9fefd75a8,1725,2026-09-20T14:57:48+00:00,ieee_cis_real,resultado_nuevo
