variable,grupo,n_legitimas,n_bloqueadas,tasa_bloqueo,ic_low,ic_high,tasa_global,brecha_pp,soporte_suficiente,alerta_brecha,evidencia_insuficiente
P_emaildomain,gmail.com,65729,9698,0.14754522356950509,0.14485458300789908,0.15027705938388783,0.1281548827492865,1.9390340820218595,True,False,False
P_emaildomain,yahoo.com,29671,3519,0.11860065383707998,0.11497108494535863,0.12232896832004958,0.1281548827492865,-0.9554228912206517,True,False,False
P_emaildomain,desconocido,29134,3372,0.11574105855701243,0.1121180989061484,0.11946533764858541,0.1281548827492865,-1.241382419227406,True,False,False
P_emaildomain,hotmail.com,11725,1040,0.08869936034115139,0.08368699658358106,0.09398114448021838,0.1281548827492865,-3.94555224081351,True,True,False
P_emaildomain,anonymous.com,9977,1290,0.12929738398316126,0.12285596301275874,0.13602415941791984,0.1281548827492865,0.11425012338747709,True,False,False
P_emaildomain,aol.com,8250,976,0.1183030303030303,0.11151090273648132,0.1254504526007393,0.1281548827492865,-0.9851852446256193,True,False,False
P_emaildomain,comcast.net,2020,265,0.1311881188118812,0.11716295818157851,0.1466133650546137,0.1281548827492865,0.3033236062594702,True,False,False
P_emaildomain,icloud.com,1875,172,0.09173333333333333,0.07948951839134015,0.10564662345163701,0.1281548827492865,-3.642154941595316,True,True,False
P_emaildomain,outlook.com,1372,186,0.13556851311953352,0.11846868698456921,0.15470338266860695,0.1281548827492865,0.7413630370247032,True,False,False
P_emaildomain,att.net,1297,59,0.04548959136468774,0.03542897674764631,0.058234596160886415,0.1281548827492865,-8.266529138459875,True,True,False
P_emaildomain,msn.com,1078,170,0.15769944341372913,0.13716316257413913,0.18066664143014877,0.1281548827492865,2.954456066444264,True,True,False
P_emaildomain,live.com,838,136,0.162291169451074,0.13887724761643694,0.1887871313832748,0.1281548827492865,3.4136286701787504,False,False,True
P_emaildomain,sbcglobal.net,813,65,0.07995079950799508,0.06322232579060168,0.10063010527224649,0.1281548827492865,-4.820408324129141,False,False,True
P_emaildomain,ymail.com,698,101,0.14469914040114612,0.12054447758147571,0.172743210447912,0.1281548827492865,1.6544257651859628,False,False,True
P_emaildomain,verizon.net,677,117,0.172821270310192,0.14620702444219982,0.20312754638823458,0.1281548827492865,4.466638756090552,False,False,True
P_emaildomain,bellsouth.net,491,123,0.2505091649694501,0.2142191449809997,0.2906727842767389,0.1281548827492865,12.23542822201636,False,False,True
P_emaildomain,yahoo.com.mx,392,7,0.017857142857142856,0.008676334275621997,0.03639589962794151,0.1281548827492865,-11.029773989214364,False,False,True
P_emaildomain,cox.net,388,85,0.2190721649484536,0.18078018151366002,0.26287235934788183,0.1281548827492865,9.091728219916712,False,False,True
P_emaildomain,me.com,346,75,0.21676300578034682,0.17658432428432574,0.26316189487245867,0.1281548827492865,8.860812303106034,False,False,True
P_emaildomain,optonline.net,242,33,0.13636363636363635,0.09877322576940237,0.18531823364401326,0.1281548827492865,0.8208753614349862,False,False,True
P_emaildomain,rocketmail.com,195,11,0.05641025641025641,0.0317871846388254,0.09817293018811687,0.1281548827492865,-7.174462633903008,False,False,True
P_emaildomain,live.com.mx,164,8,0.04878048780487805,0.024922210615967555,0.09329327058936952,0.1281548827492865,-7.937439494440844,False,False,True
P_emaildomain,charter.net,163,30,0.18404907975460122,0.13207306261697863,0.2505743876747685,0.1281548827492865,5.589419700531472,False,False,True
P_emaildomain,earthlink.net,154,33,0.21428571428571427,0.15684995535880897,0.28562858825395077,0.1281548827492865,8.613083153642778,False,False,True
P_emaildomain,gmail,139,7,0.050359712230215826,0.024605552259930247,0.10029837246888487,0.1281548827492865,-7.779517051907067,False,False,True
P_emaildomain,mail.com,133,33,0.24812030075187969,0.18247886779370287,0.3279034346356264,0.1281548827492865,11.996541800259319,False,False,True
P_emaildomain,windstream.net,113,16,0.1415929203539823,0.08907303460598104,0.21767988668111726,0.1281548827492865,1.3438037604695807,False,False,True
P_emaildomain,hotmail.es,100,6,0.06,0.027786123963188192,0.1247681544589592,0.1281548827492865,-6.815488274928649,False,False,True
P_emaildomain,hotmail.fr,98,0,0.0,3.469446951953614e-18,0.037719990121680605,0.1281548827492865,-12.815488274928649,False,False,True
P_emaildomain,mac.com,95,23,0.24210526315789474,0.16708840091876592,0.3371682077489622,0.1281548827492865,11.395038040860825,False,False,True
P_emaildomain,web.de,94,2,0.02127659574468085,0.005854336239172753,0.07429020489102965,0.1281548827492865,-10.687828700460564,False,False,True
P_emaildomain,outlook.es,86,2,0.023255813953488372,0.0064009262042708515,0.08088014562632057,0.1281548827492865,-10.489906879579811,False,False,True
P_emaildomain,juno.com,82,7,0.08536585365853659,0.04196652499324202,0.1658754556278168,0.1281548827492865,-4.27890290907499,False,False,True
P_emaildomain,centurylink.net,79,10,0.12658227848101267,0.07023263469675514,0.2175635866650352,0.1281548827492865,-0.1572604268273825,False,False,True
P_emaildomain,suddenlink.net,79,10,0.12658227848101267,0.07023263469675514,0.2175635866650352,0.1281548827492865,-0.1572604268273825,False,False,True
P_emaildomain,aim.com,76,16,0.21052631578947367,0.1339514670987436,0.31495639793896757,0.1281548827492865,8.237143304018717,False,False,True
P_emaildomain,frontier.com,76,1,0.013157894736842105,0.00232648004557906,0.07083674751784413,0.1281548827492865,-11.499698801244438,False,False,True
P_emaildomain,embarqmail.com,76,16,0.21052631578947367,0.1339514670987436,0.31495639793896757,0.1281548827492865,8.237143304018717,False,False,True
P_emaildomain,roadrunner.com,72,13,0.18055555555555555,0.10866816510019897,0.28480341739198245,0.1281548827492865,5.240067280626906,False,False,True
P_emaildomain,netzero.net,71,5,0.07042253521126761,0.030453602439710924,0.15449013113789908,0.1281548827492865,-5.773234753801888,False,False,True
P_emaildomain,twc.com,70,7,0.1,0.04928930144253951,0.192329148485674,0.1281548827492865,-2.8154882749286485,False,False,True
P_emaildomain,netzero.com,70,3,0.04285714285714286,0.014681541004111405,0.11859668748527552,0.1281548827492865,-8.529773989214364,False,False,True
P_emaildomain,hotmail.co.uk,64,1,0.015625,0.002763541923337505,0.08334101600094265,0.1281548827492865,-11.252988274928649,False,False,True
P_emaildomain,frontiernet.net,64,5,0.078125,0.03383117690855046,0.17019537354162906,0.1281548827492865,-5.002988274928649,False,False,True
P_emaildomain,q.com,57,4,0.07017543859649122,0.027626420229066015,0.1670017009603369,0.1281548827492865,-5.7979444152795265,False,False,True
P_emaildomain,sc.rr.com,53,1,0.018867924528301886,0.0033384533882637665,0.09942912052501235,0.1281548827492865,-10.928695822098462,False,False,True
P_emaildomain,prodigy.net.mx,53,2,0.03773584905660377,0.010410287275826845,0.12754287197418354,0.1281548827492865,-9.041903369268272,False,False,True
P_emaildomain,cableone.net,52,2,0.038461538461538464,0.010611711001315298,0.12981189157455764,0.1281548827492865,-8.969334428774802,False,False,True
P_emaildomain,cfl.rr.com,52,6,0.11538461538461539,0.05396969203087296,0.22971664344902112,0.1281548827492865,-1.2770267364671102,False,False,True
P_emaildomain,yahoo.fr,50,0,0.0,6.938893903907228e-18,0.07134759913335872,0.1281548827492865,-12.815488274928649,False,False,True
P_emaildomain,gmx.de,44,0,0.0,0.0,0.08029560375848066,0.1281548827492865,-12.815488274928649,False,False,True
P_emaildomain,yahoo.es,33,2,0.06060606060606061,0.016780883087191875,0.1960624480864781,0.1281548827492865,-6.754882214322588,False,False,True
P_emaildomain,yahoo.de,31,4,0.12903225806451613,0.051342843746291486,0.28852406256306423,0.1281548827492865,0.08773753152296337,False,False,True
P_emaildomain,live.fr,24,0,0.0,1.3877787807814457e-17,0.13797620467498017,0.1281548827492865,-12.815488274928649,False,False,True
P_emaildomain,protonmail.com,13,2,0.15384615384615385,0.043258178358081184,0.4223463101948254,0.1281548827492865,2.569127109686736,False,False,True
P_emaildomain,hotmail.de,12,1,0.08333333333333333,0.014865094404917095,0.35387991114111694,0.1281548827492865,-4.482154941595316,False,False,True
P_emaildomain,ptd.net,11,0,0.0,0.0,0.2588329669680317,0.1281548827492865,-12.815488274928649,False,False,True
P_emaildomain,yahoo.co.uk,10,0,0.0,0.0,0.2775327998628892,0.1281548827492865,-12.815488274928649,False,False,True
P_emaildomain,servicios-ta.com,9,0,0.0,0.0,0.2991450484195441,0.1281548827492865,-12.815488274928649,False,False,True
P_emaildomain,yahoo.co.jp,5,0,0.0,0.0,0.43448246478317476,0.1281548827492865,-12.815488274928649,False,False,True
DeviceType,desconocido,139882,16176,0.1156403254171373,0.11397501580358121,0.11732674512799629,0.1281548827492865,-1.2514557332149192,True,False,False
DeviceType,desktop,17488,3444,0.19693504117108876,0.19110780588244838,0.20289539126780434,0.1281548827492865,6.878015842180226,True,True,False
DeviceType,mobile,12565,2158,0.17174691603660963,0.16525281915054885,0.17844166319086618,0.1281548827492865,4.359203328732314,True,True,False
